464464185,@Samamobaky,Малов Иван Андреевич,РК9-64Б,+79290876484,билборды Острые лезвия,White Punk Прядь,гречка меня нет
1061844525,@proforgrk6_23b,Шахов Артём Дмитриевич ,РК6-23Б,+79069157711,-,-,-
5193535396,@sommilllier,Узингер Андрей Антонович ,РК5-21Б,+79227261707,Джаз,Еще джаз,Джаз
1278798085,@Wattixo,Антропова Ирина Антоновна,РК9-23Б,+79521587390,Нон-стоп - Пошлая молли,Крошка  моя - Руки вверх,Ацетилсалициловая кислота - Вишневский
1027016995,@redisska_CAT,Михайлова Екатерина Алексеевна,РК6-42Б,+79031467966,-,-,-
879630733,@NO_AA_DUDE,Шевелёв Данил Сергеевич,РК9-23Б,+79152443197,Gorillaz Clint Eastwood ,A$AP Rocky Wild for the night ,Mack Miller Nikes on my feet
"1046942525,@Alex_Seliv,Селиванова Александра Васильевна,РК6-22Б,+79032537162,Ария ""Кровь за кровь"",Сектор газа ""Туман"",Эпидемия ""Всадник из льда"""
398184288,@Nupellot,Коротков Дмитрий Петрович,РК6-64Б,+79028962417,DEAD BLONDE - Бесприданница,NOIZE MC - из окна,Somebody that I used to know
738809619,@animeshnizzza,Финогенов Роман Артёмович,РК6-17Б,+79895919488,Федерико Феллини,Что-нибудь из пошлой моли,Девочка с Каре
492048859,@Lnkawai,Николайчук Дмитрий Сергеевич,РК6-62Б ,+79852894301,Stigmata-Цунами,Театр теней - Верь только себе,Нервы - Бей моё сердце
1789392673,@milya_001,Мкртумян Милена Гагиковна ,РК6-24Б,+79181171001,1. Black Eyed Peas — Let’s Get It Started,2. Nirvana — Smells Like Teen Spirit,3. Earth  Wind & Fire — September
"818040586,@AlexandraPichushkova,Пичушкова Александра Дмитриевна,РК6-26Б,89150197013,Король и шут ""Мёртвый анархист"",PIZZA ""Романс"",Би-2 ""Полковнику никто не пишет"""
939406074,@ddrofreserr,Титов Арсений Олегович,РК9-44Б,+79687724771,Пошлая молли Нон Стоп,Нервы Зажигалки,Пошлая молли Все хотят меня поцеловать
505971543,@oolonge,Овчинников Ярослав Романович ,РК6-26Б,+79095317220,In the End — Linkin Park,O2 — SLAVA MARLOW,Забуду — SLAVA MARLOW
1036632013,@FomGeKon,Фомичев Георгий Константинович,РК4-62,+79154838593,Би-2 Пекло,Нервы Вороны,Сплин Тревога
673625068,@VsevolodKharchenko,Харченко Всеволод Вадимович,РК5-11Б,+79994708730,The Cat Empire - The Lost Song,КняZz - Пиво-Пиво-Пиво,Гражданская оборона - беспонтовый пирожок
885627954,@i_sini,Синявский Иван Дмитриевич ,РК6-22Б,+79362473559,Grits - my life be like( ooh ahh) ,The weekend- blinding lights,Леприконсы - Хали-Гали  паратрупер
835317851,@iIIiasi,Файзрахманов Ильяс Анварович,РК4-11,+79934329897,гречка Здесь были,Скриптонит Ламбада,Лизер Между нами
713189305,@AAAdonin,Адонин Андрей Андреевич ,РК5-21Б,+79615202970,Noize mc - Люди с автоматами ,Пошлая молли - Нон-стоп,Элджей - дисконнект
5423864447,@dead_carbon,Патвари Бахар Афиф Зинан,РК5-21Б,79250822088,дора — Дорадура (Премьера клипа),Юность в сапогах (Gachi Version) | Гачимучи ремикс,goofy ahh sound 10 hours
477874963,@ilya_pykin,Пыкин Илья Алексеевич,РК4-81,+79067877980,Animal джаз  amatory - Три Полоски,Пошлая Молли - Контракт,Кис-кис любую
896445253,@pdpsvol,Дурнев Павел Александрович ,РК6-47Б,+79218221812,Скриптонит - Цепи,Pop smoke - Dior,Платина  OG Buda - это не любовь
482795143,@emi_bad,Бадретдинов Эмиль Рустэмович ,РК9-43Б,89279453475,Ляйсян Гимаева - Яшьлегем Чишмелере,Кизару - Бандана,uniqe feat. nkeeei & ARTEM SHILOVETS - Толпы кричат
301709392,@ArsenKhad,Хадарцев Арсений Витальевич,РК6-63Б,+79101655795,Florence + the Machine — Dog days are over,Grouplove — Colours,Everyone You Know —Dance Like We Used To
731966223,@Ma_tv_ei,Полосухин Матвей Станиславович,РК6-17Б,+79268552120,Noize MC Любимый цвет,Тима Белорусских Мокрые кроссы,Surex Just Dance(Nightcore)
1279590103,@Diemon20,Пудовкин Дмитрий Александрович,РК9-42Б,89278450937,Нэнси Дым сигарет с ментолом,Linkin Park Numb,Макс Корж Оптимист
1371728059,@sqvrty,Ташликович Сергей Дмитриевич ,РК6-24Б,+79890491701,Песни: без разницы,Песни: без разницы,Песни: без разницы
588558797,@Sta_Tun_slav,Тунгулов Станислав Олегович,РК6-24Б,+79969498308,Забил ATL ,GSPD Бесконечное Лето,GSPD кислотный дождь
1180850986,@fdk1lw,Овечкин Федор Сергеевич,РК5-63Б,89195143235,БИ-2 Пора возвращаться домой,КиШ Кукла Колдуна,Markul Последний билет
518546206,@omgyoukilledkenny,Зацепилов Александр Владимирович,РК9-21Б,+79110316423,SALUKI Огней,Flo Rida feat. Sage The Gemini GDFR,347aidan MEMORIES!
5895259671,@Stab0b,Штаб Роман Вадимович,РК5-63Б,+79177911510,КиШ Кукла Колдуна,КиШ Хозяин Леса,КиШ Лесник
626080882,@AntonMcFLYJr,Головнов Антон Максимович,РК4-82,+79873911952,Валентин Стрыкало Ускользает,Anacondaz Мама  я люблю,Interpol Rest My Chemistry
839039755,@gubanov_da,Губанов Даниил Александрович,РК6-43Б,+79296484384,JoJo opening 2 (cover by Roma Donskoy),g3ox_em Gigachad theme (Phonk house version),ХЛЕБ Мало половин
336713136,@muratpatuev,Патуев Мурат Равильевич ,РК6-22Б,+79771081115,GSPD Бесконечное лето,Instasamka Мне муж купил ,Мейби Бейби Ахегао
274647013,@Levender007,Арешников Фёдор Алексеевич,РК6-43Б,+79265413972,Avicii The Nights,Arden Jones Mr. Sunshine,Superfruit GUY.exe
134888064,@kotovenc,Малыгина Галина Алексеевна,РК6-84Б,+79688256810,Planet Group Music Astronaut in the ocean,Self Deception Fight fire with gasoline,Ошибся номером Ультрафиолет
1833679422,@MuhaPhelps,Гараджаев Мухамметмырат ,РК4-41М,+79690849404,Maître Gims  Sans arret ,Riles  After the darkness ,Гробари  О  Партизане
5003440839,@kirill_rus_015,Рущак Кирилл Александрович,ПС4-22 ,+79057097094,Научно-технический рэп - Песня про матан,The Electric Swing Circus - Invisible Man,Max Raabe - Ein Tag wie Gold
1341107525,@Nofresh_8,Шлег Егор Викторович,РК6-25Б,+79957912850,Серёга Пират - Мой байк,Тима Белорусских - Фотоплёнка,ЛСП x Oxxxymiron - Мне скучно жить
445248738,@frrrenzy,Сизов Иван Сергеевич,РК6-83Б,+79263337014,ATL Шаман,Twenty One Pilots heavydirtysoul,Дети Rave урыл
1494140370,@wwermix,Силивестрова Мария,РК6-21Б,+79969545401,Noize MC - Ты не считаешь,Noize MC - Вселенная бесконечна,Сектор газа - Частушки
897452398,@tyapkin_s,Тяпкин Сергей Сергеевич,РК6-72Б,+79160932860,Даня Милохин  Николай Басков - Дико тусим,Грибы - Копы,Ed Sheeran - Cold Coffee (или Perfect) на медляк
702650714,@Chechen76,Крылов Иван Владимирович,РК5-63Б ,+79211493440,Руки Вверх Крошка моя ,Jamik Франция,Макс Корж Малый повзрослел
1053393811,@sivakova2004,Исхакова Екатерина Димовна,РК6-22Б,+79663438633,Инстасамка: за деньги да,Macan: big city live,Ivan Valeev bye bye
562325711,@abrazh,Абражевич Иван Денисович,РК6-21Б,+79685222372,Heronwater - PROJECT X,Heronwater - В миноре ,Heronwater -Одаривает
477192526,@Savdmit,Савченко Дмитрий Анатольевич ,РК4-41,+79146729055,Bon Jovi It's my life,Bon Jovi Livin' on a prayer,Земляне Трава у дома
946782629,@olegkiselev11235,Киселев Максим Ильич,РК5-62Б,+79375036304,Miyagi Тамада,ЛСП Номера,GSPD Евроденс
183311912,@Richard_Math,Матлатибов Рустам Ойбек угли,Рк6-26б,+79255987747,Нойз Мс - Сохрани мою речь,Pyrokinesis - Танцуй Полумесяц,playingtheangel - лекарство от здоровья
986714669,@kuzpol,Кузнецова Полина Александровна,РК6-47Б,+79201766374,Lady Gaga Bloody Mary,JAWNY Trigger Of Love,KENTUKKI Замегает свет
1046241814,@Sidorembo,Сидоренко Полина Сергеевна,РК5-53Б,89194018837,Aaron Smith Dancin,Eminem The real slim shady,VACIO  Элджей SODA
1680000571,@bekzoda_rasulova,Расулова Бекзода Шухратовна,РК6-82Б,+79773724655,Rozhden знаешь,Валентин Стрыкало наше лето,Сплин половинка
676547248,@Maxorella,Шагаев Максим Николаевич ,РК6-22Б,+79031687955,Без песни,Без песни,Без песни
974683118,@ocroxa,Зайковская Анастасия Владимировна ,РК6-82Б,+79092045008,Три дня дождя Перезаряжай,Пошлая Молли Контракт,Anacondaz Сядь мне на лицо
690426461,@eugelaz,Лазарев Евгений Петрович,РК6-44Б,+79271600481,Miyagi I got love,Miyagi #ТАМАДА,Miyagi Kosandra
765185823,@menshl,Меньшикова Елизавета Андреевна ,РК6-48Б,+79851488746,Би2 Компромисс ,Radiohead Creep,TK from Ling Tosite Sigure — unravel
252960163,@mari_l3,Лебедева Мария Дмитриевна,РК6-82Б,+79161446886,Лазарев Всамое сердце,Скриптонит Это любовь,Florence + The Machine Dog Days Are Over
510993111,@belovbkr,Белов Кирилл Романович ,СМ13-61Б,89213079657,Любимая песня Тимы (рок н ролльчик какой-нибудь),МАЧЕТЕ - ОРАКУЛ,Тима лучший!!😄
1065907358,@Vladosikteam,Щербак Владислав Андреевич,РК4-41,+79158480737,Тату - нас не догонят,GSPD ,Хлеб - эба
948147369,@NesteaTea,Петричук Анастасия Олеговна,РК6-81Б,89689533767,I got love мияги,Отпускай три дня дождя,Седьмой лепесток антон токарев
972264774,@Laish_ka,Лаишевская Анастасия Вадимовна ,РК9-22М,+79057187660,Chris Isaak Wicked game,Петр Налич Никогда,The Beatles Yesterday
1034410526,@nevz_a,Невзорова Алёна Денисовна,Сгн3-32б,89190677378,Mart of sky Разводные мосты ,Макс Корж Стань ,saypink! Летом
390984863,@zochek,Коротченко Елизавета Александровна,СГН3-42Б,+79851640271,Lida  MORGENSHTERN Цветы,Helb Glise Goo Goo Muck,Кишлак Я уёбываю в джаз
754533372,@Permiakovonezerofive,Пермяков Яков Александрович ,ИБМ5-41Б,+79199162711,Михаил Елизаров Сталинский Костюм,Игорь Рестеряев Про комбайнеров ,MARRY ME  BELLAMY Конфетка
1144321812,@Maxmud_0316,Менешов Махмуд Баходир угли,РК6-36б,+79265293392,Знаешь ли ты,За деньги да,Гимн Бауманки
685683683,@Pixelisk,Кочетов Иван Андреевич,РК6-44Б,+79302706126,Король и шут Марионетки,Nirvana Smells like teenage spirit,Green day Boulevard of broken dreams
456375319,@Arina_767,Кожухова Арина Владимировна ,ИБМ5-41Б,+79181618189,Lana Del Rey Ultraviolence ,Nelly Furtado Maneater ,Lana Del Rey Radio
351427623,@deviori,Хаддад Николай Симонович,СГН3-44Б,+79035556340,Nikitata ДРЕССКОД,БАНД’ЭРОС Коламбия Пикчерз не представляет,Секрет Моя любовь на пятом этаже
925468249,@dkt_ph,Давыдова Екатерина Александровна,Рк4-122,+79203044411,Драгни Снимки,Алёна Швец Молекулярная физика,Драгни Не парься!
408436748,@xocc_xocc,Конов Антон Викторович,РК6-82Б,+79175133694,Konfuz Кайф ты поймала,ЛСП Монетка ,fem.love Фотографирую закат
396547314,@it_normal,Елизаров Иван Владимирович ,РК4-41,+79020406699,ЗА ДЕНЬГИ ДА — INSTASAMKA,Рено Логан — Паша Техник,Питон — Ноггано
999362413,@pontiy0pilat,Бурдун Иван Алексеевич,РК5-61Б,89271339378,The Cramps Goo Goo Muck,Scarlet Pleasure What A Life,Кино Видели ночь
1082376287,@markussot,Никитин Григорий Владимирович,Л4-22Б(привет Тимофею),+79166603237,Lida - Танцуй  комсомолка,ФРИК ПАТИ - влюбиться и плакать,Lida  ФРИК ПАТИ - Эмо хардкор
823623454,@Borshezzz,Беляев Борис Дмитриевич,РК9-12Б,+79211466231,Три дня дождя Марафоны,DK все в порядке,Интернационал
268954154,@Kadirov_Ru,Кадиров Руслан Марданович ,РК5-22Б,+79998137901,The Weeknd Blinding Lights ,Half Alive Make of it,MGMT Little Dark Age
301709383,@mooftor,Чабанов Владислав Андреевич,РК6-64Б,+79188247271,Валентин Стрыкало Кладбище самолётов,Валентин Дядька Хардбасс для Жириновского,Дайте Танк (!) Веселиться
485011684,@maxshamin,Шамин Максим Сергеевич,РК9-63Б,+79307242964,GSPD Интердевочка ,GSPD Никому не говори,Макс Корж Мотылек
815823524,@aaminchenok,Минченок Анна Александровна ,СГН3-41Б,+79122674733,Big Baby Tape  Aarne HOODAK MP3,Noize MC Любимый цвет, Дора Loverboy
1260018399,@zz_luka,Лукъянов Максим Андреевич ,РК4-122,+79176246180,Гречка Grillyazh,Аппарат президента Масло чёрного тмина ,Не любил remember.
962451993,@goga301,Горячев Валентин Сергеевич,РК9-21Б,+79033833343,Скриптонит Цепи,Юность-89 ATL,Деревья падают стоя remember.
2009938159,@ChuryumovRoman,Чурюмов Роман Евгеньевич,МТ1-21Б,+79093992199,-,-,-
5439904976,@eemides,Бурак Эмилия Васильевна,ФН2-21Б,+79013594629,Элли на маковом поле Свободное падение,Дайте Танк Альтернатива,Нервы Батареи
891929210,@Juskidd,Самсонов Евгеньевич Савва,РК6-24Б,+79219218685,INSTASAMKA KAK MOMMY,Stromae Alors on dance,Earth  wind and fire September
403489882,@egorboyarkin,Бояркин Егор Александрович,РК6-66Б,+79144524260,Sergey Eybog Бесконечное Лето,Sergey Eybog Бесконечное Лето,Sergey Eybog Бесконечное Лето
888146143,@johnnny1200,Долгиев Джабраил Алиханович,РК6-11Б,+79698118191,нет,нет,нет
